session,trial,prediction
t15.2023.08.13,0,
t15.2023.08.13,1,
t15.2023.08.13,2,
t15.2023.08.13,3,
t15.2023.08.13,4,
t15.2023.08.13,5,
t15.2023.08.13,6,
t15.2023.08.13,7,
t15.2023.08.13,8,
t15.2023.08.13,9,
t15.2023.08.13,10,
t15.2023.08.13,11,
t15.2023.08.13,12,
t15.2023.08.13,13,pentecostal
t15.2023.08.13,14,
t15.2023.08.13,15,
t15.2023.08.13,16,
t15.2023.08.13,17,
t15.2023.08.13,18,
t15.2023.08.13,19,
t15.2023.08.13,0,
t15.2023.08.13,1,
t15.2023.08.13,2,
t15.2023.08.13,3,
t15.2023.08.13,4,
t15.2023.08.13,5,
t15.2023.08.13,6,
t15.2023.08.13,7,
t15.2023.08.13,8,
t15.2023.08.13,9,
t15.2023.08.13,10,
t15.2023.08.13,11,
t15.2023.08.13,12,
t15.2023.08.13,13,
t15.2023.08.13,14,
t15.2023.08.18,0,integrated
t15.2023.08.18,1,
t15.2023.08.18,2,
t15.2023.08.18,3,dote
t15.2023.08.18,4,instrumentalists
t15.2023.08.18,5,
t15.2023.08.18,6,
t15.2023.08.18,7,
t15.2023.08.18,8,
t15.2023.08.18,9,
t15.2023.08.18,10,
t15.2023.08.18,11,dodo
t15.2023.08.18,12,
t15.2023.08.18,13,
t15.2023.08.18,14,
t15.2023.08.18,15,fundamentalists
t15.2023.08.18,16,
t15.2023.08.18,17,
t15.2023.08.18,18,
t15.2023.08.18,19,
t15.2023.08.18,20,ditton
t15.2023.08.18,21,
t15.2023.08.18,22,whedon competencies
t15.2023.08.18,23,
t15.2023.08.18,0,
t15.2023.08.18,1,fundamental
t15.2023.08.18,2,
t15.2023.08.18,3,
t15.2023.08.18,4,relentlessly
t15.2023.08.18,5,
t15.2023.08.18,6,
t15.2023.08.18,7,instances
t15.2023.08.18,8,
t15.2023.08.18,9,
t15.2023.08.18,10,fundamentally
t15.2023.08.18,11,
t15.2023.08.18,12,
t15.2023.08.18,13,
t15.2023.08.18,14,
t15.2023.08.18,15,
t15.2023.08.18,16,
t15.2023.08.18,17,
t15.2023.08.18,18,
t15.2023.08.18,19,
t15.2023.08.18,20,intensities
t15.2023.08.18,21,
t15.2023.08.18,22,
t15.2023.08.18,23,
t15.2023.08.18,24,
t15.2023.08.20,0,
t15.2023.08.20,1,reverberated
t15.2023.08.20,2,
t15.2023.08.20,3,
t15.2023.08.20,4,knutsen
t15.2023.08.20,5,think
t15.2023.08.20,6,
t15.2023.08.20,7,
t15.2023.08.20,8,
t15.2023.08.20,9,
t15.2023.08.20,10,
t15.2023.08.20,11,
t15.2023.08.20,12,
t15.2023.08.20,13,
t15.2023.08.20,14,
t15.2023.08.20,15,
t15.2023.08.20,16,
t15.2023.08.20,17,
t15.2023.08.20,18,landslides
t15.2023.08.20,19,
t15.2023.08.20,20,
t15.2023.08.20,21,
t15.2023.08.20,22,
t15.2023.08.20,24,
t15.2023.08.20,0,
t15.2023.08.20,1,
t15.2023.08.20,2,
t15.2023.08.20,3,
t15.2023.08.20,4,
t15.2023.08.20,5,
t15.2023.08.20,6,
t15.2023.08.20,7,
t15.2023.08.20,8,
t15.2023.08.20,9,
t15.2023.08.20,10,
t15.2023.08.20,11,
t15.2023.08.20,12,contentment
t15.2023.08.20,13,
t15.2023.08.20,14,
t15.2023.08.20,15,
t15.2023.08.20,16,sentiment
t15.2023.08.20,18,
t15.2023.08.20,19,
t15.2023.08.20,20,
t15.2023.08.20,21,
t15.2023.08.20,22,
t15.2023.08.20,23,
t15.2023.08.20,24,
t15.2023.08.25,0,
t15.2023.08.25,1,rototiller
t15.2023.08.25,2,fundamental
t15.2023.08.25,3,
t15.2023.08.25,4,reluctantly
t15.2023.08.25,5,
t15.2023.08.25,6,
t15.2023.08.25,7,wattwil lanolin
t15.2023.08.25,8,
t15.2023.08.25,9,
t15.2023.08.25,10,
t15.2023.08.25,11,
t15.2023.08.25,12,
t15.2023.08.25,13,
t15.2023.08.25,14,
t15.2023.08.25,15,
t15.2023.08.25,16,
t15.2023.08.25,17,
t15.2023.08.25,18,
t15.2023.08.25,19,
t15.2023.08.25,20,
t15.2023.08.25,21,
t15.2023.08.25,22,
t15.2023.08.25,23,suspected
t15.2023.08.25,24,
t15.2023.08.27,0,
t15.2023.08.27,1,
t15.2023.08.27,2,
t15.2023.08.27,3,
t15.2023.08.27,4,
t15.2023.08.27,5,
t15.2023.08.27,6,intestine
t15.2023.08.27,7,
t15.2023.08.27,8,
t15.2023.08.27,9,
t15.2023.08.27,10,
t15.2023.08.27,11,
t15.2023.08.27,12,
t15.2023.08.27,13,
t15.2023.08.27,14,
t15.2023.08.27,15,
t15.2023.08.27,16,
t15.2023.08.27,17,
t15.2023.08.27,18,
t15.2023.08.27,19,
t15.2023.08.27,20,
t15.2023.08.27,21,
t15.2023.08.27,22,
t15.2023.08.27,23,
t15.2023.08.27,24,
t15.2023.09.01,0,
t15.2023.09.01,1,itzhak
t15.2023.09.01,2,
t15.2023.09.01,3,participated
t15.2023.09.01,4,
t15.2023.09.01,5,
t15.2023.09.01,6,
t15.2023.09.01,7,
t15.2023.09.01,8,
t15.2023.09.01,9,
t15.2023.09.01,10,datsun
t15.2023.09.01,11,
t15.2023.09.01,12,
t15.2023.09.01,13,
t15.2023.09.01,14,
t15.2023.09.01,15,
t15.2023.09.01,16,
t15.2023.09.01,17,
t15.2023.09.01,18,
t15.2023.09.01,19,
t15.2023.09.01,20,
t15.2023.09.01,22,
t15.2023.09.01,23,instances
t15.2023.09.01,24,patuxet
t15.2023.09.01,0,
t15.2023.09.01,1,
t15.2023.09.01,2,
t15.2023.09.01,3,
t15.2023.09.01,4,
t15.2023.09.01,5,
t15.2023.09.01,6,
t15.2023.09.01,7,
t15.2023.09.01,8,
t15.2023.09.01,9,
t15.2023.09.01,10,
t15.2023.09.01,11,bateson
t15.2023.09.01,12,
t15.2023.09.01,13,
t15.2023.09.01,14,
t15.2023.09.01,15,
t15.2023.09.01,16,
t15.2023.09.01,17,
t15.2023.09.01,18,
t15.2023.09.01,19,
t15.2023.09.01,20,
t15.2023.09.01,21,
t15.2023.09.01,22,
t15.2023.09.01,23,
t15.2023.09.01,24,
t15.2023.09.03,0,
t15.2023.09.03,1,retreated
t15.2023.09.03,2,
t15.2023.09.03,3,contented
t15.2023.09.03,4,periodontal
t15.2023.09.03,5,
t15.2023.09.03,6,
t15.2023.09.03,7,
t15.2023.09.03,8,
t15.2023.09.03,9,
t15.2023.09.03,10,
t15.2023.09.03,11,
t15.2023.09.03,12,that
t15.2023.09.03,13,
t15.2023.09.03,14,
t15.2023.09.03,15,
t15.2023.09.03,16,
t15.2023.09.03,17,
t15.2023.09.03,18,
t15.2023.09.03,19,
t15.2023.09.03,20,
t15.2023.09.03,21,
t15.2023.09.03,22,
t15.2023.09.03,23,
t15.2023.09.03,24,
t15.2023.09.03,0,
t15.2023.09.03,1,
t15.2023.09.03,2,
t15.2023.09.03,3,
t15.2023.09.03,4,
t15.2023.09.03,5,
t15.2023.09.03,6,
t15.2023.09.03,7,
t15.2023.09.03,8,
t15.2023.09.24,0,
t15.2023.09.24,1,
t15.2023.09.24,2,
t15.2023.09.24,3,buntrock
t15.2023.09.24,4,
t15.2023.09.24,5,
t15.2023.09.24,6,
t15.2023.09.24,7,preparing
t15.2023.09.24,8,
t15.2023.09.24,9,
t15.2023.09.24,0,
t15.2023.09.24,1,
t15.2023.09.24,2,
t15.2023.09.24,3,amenable
t15.2023.09.24,4,
t15.2023.09.24,5,
t15.2023.09.24,6,
t15.2023.09.24,7,
t15.2023.09.24,8,
t15.2023.09.24,9,
t15.2023.09.24,10,
t15.2023.09.24,11,
t15.2023.09.24,12,
t15.2023.09.24,13,
t15.2023.09.24,14,
t15.2023.09.24,15,
t15.2023.09.24,16,sentenced
t15.2023.09.24,17,
t15.2023.09.24,18,
t15.2023.09.24,19,
t15.2023.09.24,20,
t15.2023.09.24,21,
t15.2023.09.24,22,mistresses
t15.2023.09.24,23,
t15.2023.09.24,24,
t15.2023.09.29,0,competitive
t15.2023.09.29,1,
t15.2023.09.29,2,
t15.2023.09.29,3,
t15.2023.09.29,4,
t15.2023.09.29,5,
t15.2023.09.29,6,
t15.2023.09.29,7,
t15.2023.09.29,8,wanting
t15.2023.09.29,9,
t15.2023.09.29,10,
t15.2023.09.29,11,
t15.2023.09.29,12,
t15.2023.09.29,13,
t15.2023.09.29,14,
t15.2023.09.29,15,
t15.2023.09.29,16,
t15.2023.09.29,17,semicylindrical
t15.2023.09.29,18,
t15.2023.09.29,19,
t15.2023.09.29,20,
t15.2023.09.29,21,
t15.2023.09.29,22,
t15.2023.09.29,23,
t15.2023.09.29,24,
t15.2023.09.29,0,
t15.2023.09.29,1,
t15.2023.09.29,2,
t15.2023.09.29,3,
t15.2023.09.29,4,
t15.2023.09.29,5,
t15.2023.09.29,6,
t15.2023.09.29,7,
t15.2023.09.29,8,
t15.2023.09.29,9,
t15.2023.09.29,11,
t15.2023.09.29,12,
t15.2023.09.29,13,
t15.2023.09.29,14,
t15.2023.09.29,16,
t15.2023.09.29,17,
t15.2023.09.29,18,
t15.2023.09.29,19,
t15.2023.09.29,20,
t15.2023.09.29,21,
t15.2023.09.29,22,
t15.2023.09.29,23,
t15.2023.09.29,24,
t15.2023.10.01,1,
t15.2023.10.01,2,
t15.2023.10.01,3,
t15.2023.10.01,4,
t15.2023.10.01,5,
t15.2023.10.01,6,
t15.2023.10.01,7,
t15.2023.10.01,8,
t15.2023.10.01,9,
t15.2023.10.01,10,
t15.2023.10.01,11,
t15.2023.10.01,12,fundamentalists
t15.2023.10.01,13,
t15.2023.10.01,14,
t15.2023.10.01,15,
t15.2023.10.01,16,
t15.2023.10.01,17,
t15.2023.10.01,18,
t15.2023.10.01,19,
t15.2023.10.01,20,
t15.2023.10.01,21,
t15.2023.10.01,22,
t15.2023.10.01,23,
t15.2023.10.01,24,
t15.2023.10.01,0,
t15.2023.10.01,1,
t15.2023.10.01,2,
t15.2023.10.01,3,
t15.2023.10.01,4,
t15.2023.10.01,5,
t15.2023.10.01,6,
t15.2023.10.01,7,
t15.2023.10.01,8,
t15.2023.10.01,9,
t15.2023.10.01,10,
t15.2023.10.01,11,
t15.2023.10.01,12,
t15.2023.10.01,13,
t15.2023.10.01,14,
t15.2023.10.01,15,
t15.2023.10.01,16,
t15.2023.10.01,17,
t15.2023.10.01,18,
t15.2023.10.01,19,
t15.2023.10.06,0,
t15.2023.10.06,1,pitted
t15.2023.10.06,2,whiten
t15.2023.10.06,3,
t15.2023.10.06,4,
t15.2023.10.06,5,
t15.2023.10.06,6,
t15.2023.10.06,7,
t15.2023.10.06,8,
t15.2023.10.06,9,
t15.2023.10.06,10,
t15.2023.10.06,11,
t15.2023.10.06,12,
t15.2023.10.06,13,
t15.2023.10.06,14,
t15.2023.10.06,0,
t15.2023.10.06,1,
t15.2023.10.06,2,
t15.2023.10.06,3,
t15.2023.10.06,4,
t15.2023.10.06,5,doan
t15.2023.10.06,6,
t15.2023.10.06,7,vallegrande
t15.2023.10.06,8,think
t15.2023.10.06,9,
t15.2023.10.06,10,
t15.2023.10.06,11,
t15.2023.10.06,12,reluctantly
t15.2023.10.06,13,think
t15.2023.10.06,14,
t15.2023.10.06,15,
t15.2023.10.06,16,
t15.2023.10.06,17,
t15.2023.10.06,18,white
t15.2023.10.06,19,
t15.2023.10.06,20,
t15.2023.10.08,0,
t15.2023.10.08,1,
t15.2023.10.08,2,
t15.2023.10.08,3,
t15.2023.10.08,4,
t15.2023.10.08,5,
t15.2023.10.08,6,
t15.2023.10.08,7,
t15.2023.10.08,8,
t15.2023.10.08,9,
t15.2023.10.08,0,
t15.2023.10.08,1,
t15.2023.10.08,2,
t15.2023.10.08,3,
t15.2023.10.08,4,
t15.2023.10.08,5,
t15.2023.10.08,6,
t15.2023.10.13,0,
t15.2023.10.13,1,
t15.2023.10.13,2,
t15.2023.10.13,3,
t15.2023.10.13,4,
t15.2023.10.13,5,
t15.2023.10.13,6,
t15.2023.10.13,7,sentences
t15.2023.10.13,8,
t15.2023.10.13,9,patented
t15.2023.10.13,10,
t15.2023.10.13,11,
t15.2023.10.13,13,
t15.2023.10.13,14,
t15.2023.10.13,15,
t15.2023.10.13,16,reluctantly
t15.2023.10.13,17,sentences
t15.2023.10.13,18,
t15.2023.10.13,19,
t15.2023.10.13,20,
t15.2023.10.13,21,
t15.2023.10.13,22,
t15.2023.10.13,23,fundamentalists
t15.2023.10.13,24,
t15.2023.10.13,0,
t15.2023.10.13,1,
t15.2023.10.13,2,
t15.2023.10.13,3,
t15.2023.10.13,4,
t15.2023.10.13,5,
t15.2023.10.13,6,
t15.2023.10.13,7,
t15.2023.10.13,8,
t15.2023.10.13,9,
t15.2023.10.13,10,
t15.2023.10.13,11,
t15.2023.10.13,12,capitalist
t15.2023.10.13,13,
t15.2023.10.13,14,
t15.2023.10.13,15,
t15.2023.10.13,16,
t15.2023.10.13,17,
t15.2023.10.13,18,
t15.2023.10.13,19,
t15.2023.10.15,0,
t15.2023.10.15,1,
t15.2023.10.15,2,
t15.2023.10.15,3,
t15.2023.10.15,4,
t15.2023.10.15,5,
t15.2023.10.15,6,
t15.2023.10.15,7,
t15.2023.10.15,8,
t15.2023.10.15,9,
t15.2023.10.15,10,
t15.2023.10.15,11,
t15.2023.10.15,12,
t15.2023.10.15,13,
t15.2023.10.15,14,
t15.2023.10.15,15,
t15.2023.10.15,16,
t15.2023.10.15,17,
t15.2023.10.15,18,
t15.2023.10.15,19,
t15.2023.10.15,20,
t15.2023.10.15,21,
t15.2023.10.15,22,want forever
t15.2023.10.15,23,
t15.2023.10.15,0,
t15.2023.10.15,1,
t15.2023.10.15,2,
t15.2023.10.15,3,distrusted
t15.2023.10.15,4,
t15.2023.10.15,5,
t15.2023.10.15,6,
t15.2023.10.15,7,
t15.2023.10.15,8,
t15.2023.10.15,9,
t15.2023.10.15,10,sentimental
t15.2023.10.15,11,
t15.2023.10.15,12,
t15.2023.10.15,13,
t15.2023.10.15,14,
t15.2023.10.15,15,
t15.2023.10.15,16,sentimental
t15.2023.10.15,17,
t15.2023.10.15,18,
t15.2023.10.15,19,
t15.2023.10.20,0,
t15.2023.10.20,1,
t15.2023.10.20,2,
t15.2023.10.20,3,
t15.2023.10.20,4,
t15.2023.10.20,5,
t15.2023.10.20,6,
t15.2023.10.20,7,
t15.2023.10.20,8,
t15.2023.10.22,0,
t15.2023.10.22,1,
t15.2023.10.22,2,
t15.2023.10.22,3,
t15.2023.10.22,4,
t15.2023.10.22,5,
t15.2023.10.22,6,interests
t15.2023.10.22,7,
t15.2023.10.22,8,isetan
t15.2023.10.22,9,
t15.2023.10.22,10,
t15.2023.10.22,0,
t15.2023.10.22,1,
t15.2023.10.22,2,
t15.2023.10.22,3,
t15.2023.10.22,4,
t15.2023.10.22,5,
t15.2023.10.22,6,
t15.2023.10.22,7,
t15.2023.10.22,8,
t15.2023.10.22,9,constantinides
t15.2023.10.22,10,instrumentalists
t15.2023.10.22,11,
t15.2023.10.22,12,
t15.2023.10.22,13,respects
t15.2023.10.22,14,
t15.2023.10.22,15,
t15.2023.10.22,16,
t15.2023.10.22,17,
t15.2023.10.22,18,
t15.2023.10.22,19,think
t15.2023.10.22,20,
t15.2023.10.22,21,
t15.2023.11.03,0,
t15.2023.11.03,1,
t15.2023.11.03,2,
t15.2023.11.03,3,
t15.2023.11.03,4,
t15.2023.11.03,5,widman
t15.2023.11.03,6,
t15.2023.11.03,7,
t15.2023.11.03,8,
t15.2023.11.03,9,
t15.2023.11.03,10,weekend
t15.2023.11.03,11,
t15.2023.11.03,12,
t15.2023.11.03,13,
t15.2023.11.03,14,
t15.2023.11.03,15,
t15.2023.11.03,16,
t15.2023.11.03,17,
t15.2023.11.03,18,wound
t15.2023.11.03,19,
t15.2023.11.03,20,goodlin
t15.2023.11.03,21,
t15.2023.11.03,22,
t15.2023.11.03,23,
t15.2023.11.03,24,wants
t15.2023.11.03,0,
t15.2023.11.03,1,
t15.2023.11.03,2,
t15.2023.11.03,3,
t15.2023.11.03,4,
t15.2023.11.03,5,
t15.2023.11.03,6,
t15.2023.11.03,7,
t15.2023.11.03,8,
t15.2023.11.03,9,
t15.2023.11.03,10,
t15.2023.11.03,11,sistine
t15.2023.11.03,12,
t15.2023.11.03,13,
t15.2023.11.03,14,
t15.2023.11.03,15,mrs
t15.2023.11.03,16,
t15.2023.11.03,17,
t15.2023.11.03,18,penultimate
t15.2023.11.03,19,
t15.2023.11.03,20,
t15.2023.11.03,21,ison
t15.2023.11.03,22,whitman
t15.2023.11.03,23,resurgent
t15.2023.11.03,24,
t15.2023.11.04,0,
t15.2023.11.04,1,
t15.2023.11.04,2,mrs
t15.2023.11.04,3,this
t15.2023.11.04,4,
t15.2023.11.04,5,whatnot
t15.2023.11.04,6,
t15.2023.11.04,7,edu
t15.2023.11.04,8,people
t15.2023.11.04,9,
t15.2023.11.04,10,
t15.2023.11.04,11,
t15.2023.11.04,12,
t15.2023.11.04,13,
t15.2023.11.04,14,think
t15.2023.11.17,0,
t15.2023.11.17,1,this
t15.2023.11.17,2,
t15.2023.11.17,3,
t15.2023.11.17,4,
t15.2023.11.17,5,
t15.2023.11.17,6,
t15.2023.11.17,7,
t15.2023.11.17,8,watwood
t15.2023.11.17,9,rebuttal
t15.2023.11.17,10,
t15.2023.11.17,11,
t15.2023.11.17,12,wherry
t15.2023.11.17,13,
t15.2023.11.17,14,
t15.2023.11.17,15,
t15.2023.11.17,16,
t15.2023.11.17,17,
t15.2023.11.17,18,
t15.2023.11.17,19,center
t15.2023.11.17,20,
t15.2023.11.17,21,
t15.2023.11.17,22,
t15.2023.11.17,23,
t15.2023.11.17,24,
t15.2023.11.19,0,
t15.2023.11.19,1,winwood
t15.2023.11.19,2,
t15.2023.11.19,3,
t15.2023.11.19,4,
t15.2023.11.19,5,
t15.2023.11.19,6,
t15.2023.11.19,7,
t15.2023.11.19,8,somerset
t15.2023.11.19,9,
t15.2023.11.19,10,
t15.2023.11.19,11,whim
t15.2023.11.19,12,
t15.2023.11.19,13,
t15.2023.11.19,14,weisensel
t15.2023.11.19,15,
t15.2023.11.19,16,
t15.2023.11.19,17,sump rutgard
t15.2023.11.19,18,watwood
t15.2023.11.19,19,when
t15.2023.11.26,0,
t15.2023.11.26,1,
t15.2023.11.26,2,
t15.2023.11.26,3,
t15.2023.11.26,4,
t15.2023.11.26,5,
t15.2023.11.26,6,
t15.2023.11.26,7,
t15.2023.11.26,8,
t15.2023.11.26,9,
t15.2023.11.26,10,
t15.2023.11.26,11,
t15.2023.11.26,12,
t15.2023.11.26,13,
t15.2023.11.26,14,intrinsically
t15.2023.11.26,16,
t15.2023.11.26,17,patuxent
t15.2023.11.26,18,
t15.2023.11.26,19,
t15.2023.11.26,0,
t15.2023.11.26,1,
t15.2023.11.26,2,
t15.2023.11.26,3,
t15.2023.11.26,4,
t15.2023.11.26,5,
t15.2023.11.26,6,this
t15.2023.11.26,7,
t15.2023.11.26,8,
t15.2023.11.26,9,
t15.2023.11.26,10,
t15.2023.11.26,11,
t15.2023.11.26,12,
t15.2023.11.26,13,
t15.2023.11.26,14,
t15.2023.11.26,15,
t15.2023.11.26,16,
t15.2023.11.26,17,
t15.2023.11.26,18,fieldcrest
t15.2023.11.26,19,schuld
t15.2023.11.26,20,
t15.2023.11.26,21,
t15.2023.11.26,22,
t15.2023.11.26,23,
t15.2023.11.26,24,
t15.2023.12.03,0,
t15.2023.12.03,1,
t15.2023.12.03,2,
t15.2023.12.03,3,
t15.2023.12.03,4,resuscitate
t15.2023.12.03,5,whitwell
t15.2023.12.03,6,estimable
t15.2023.12.03,7,
t15.2023.12.03,8,
t15.2023.12.03,9,
t15.2023.12.03,10,pitifully
t15.2023.12.03,11,
t15.2023.12.03,12,
t15.2023.12.03,13,
t15.2023.12.03,14,
t15.2023.12.03,15,
t15.2023.12.03,16,
t15.2023.12.03,17,filippelli
t15.2023.12.03,18,
t15.2023.12.03,19,
t15.2023.12.03,20,
t15.2023.12.03,21,
t15.2023.12.03,22,
t15.2023.12.03,23,
t15.2023.12.03,0,
t15.2023.12.03,1,
t15.2023.12.03,2,
t15.2023.12.03,3,
t15.2023.12.03,4,
t15.2023.12.03,5,
t15.2023.12.03,6,
t15.2023.12.03,7,
t15.2023.12.03,8,
t15.2023.12.03,9,
t15.2023.12.08,0,patuxent
t15.2023.12.08,1,
t15.2023.12.08,2,fantasies
t15.2023.12.08,3,
t15.2023.12.08,4,
t15.2023.12.08,5,bases
t15.2023.12.08,6,weisel
t15.2023.12.08,7,fundamentalists
t15.2023.12.08,8,
t15.2023.12.08,9,whitecotton
t15.2023.12.08,10,
t15.2023.12.08,11,
t15.2023.12.08,12,
t15.2023.12.08,13,
t15.2023.12.08,14,
t15.2023.12.08,15,
t15.2023.12.08,16,
t15.2023.12.08,17,
t15.2023.12.08,18,
t15.2023.12.08,19,
t15.2023.12.08,20,
t15.2023.12.08,21,
t15.2023.12.08,22,
t15.2023.12.08,23,
t15.2023.12.08,24,
t15.2023.12.08,0,
t15.2023.12.08,1,
t15.2023.12.08,2,
t15.2023.12.08,3,
t15.2023.12.08,4,
t15.2023.12.08,5,
t15.2023.12.08,6,tootal
t15.2023.12.08,7,
t15.2023.12.08,8,
t15.2023.12.08,9,
t15.2023.12.08,10,
t15.2023.12.08,11,
t15.2023.12.08,12,metastasis
t15.2023.12.08,13,
t15.2023.12.08,14,
t15.2023.12.08,15,
t15.2023.12.08,16,
t15.2023.12.08,17,mentor
t15.2023.12.08,18,
t15.2023.12.08,19,
t15.2023.12.08,20,
t15.2023.12.08,21,
t15.2023.12.08,22,
t15.2023.12.08,23,
t15.2023.12.08,24,
t15.2023.12.10,0,
t15.2023.12.10,1,
t15.2023.12.10,2,
t15.2023.12.10,3,
t15.2023.12.10,4,
t15.2023.12.10,5,
t15.2023.12.10,6,
t15.2023.12.10,7,uses
t15.2023.12.10,8,
t15.2023.12.10,9,concentrated
t15.2023.12.10,10,
t15.2023.12.10,11,lanolin
t15.2023.12.10,12,
t15.2023.12.10,13,
t15.2023.12.10,14,think
t15.2023.12.10,15,
t15.2023.12.10,16,italy
t15.2023.12.10,17,
t15.2023.12.10,18,
t15.2023.12.10,19,
t15.2023.12.10,20,
t15.2023.12.10,21,respected
t15.2023.12.10,22,
t15.2023.12.10,23,
t15.2023.12.10,24,
t15.2023.12.17,0,
t15.2023.12.17,1,
t15.2023.12.17,2,
t15.2023.12.17,3,
t15.2023.12.17,4,
t15.2023.12.17,5,
t15.2023.12.17,6,
t15.2023.12.17,7,
t15.2023.12.17,8,
t15.2023.12.17,9,
t15.2023.12.17,10,
t15.2023.12.17,11,
t15.2023.12.17,12,wiesbaden
t15.2023.12.17,13,
t15.2023.12.17,14,
t15.2023.12.17,15,
t15.2023.12.17,16,
t15.2023.12.17,17,
t15.2023.12.17,18,
t15.2023.12.17,19,
t15.2023.12.17,20,
t15.2023.12.17,21,
t15.2023.12.17,22,
t15.2023.12.17,23,
t15.2023.12.17,24,
t15.2023.12.17,25,
t15.2023.12.17,26,
t15.2023.12.17,27,
t15.2023.12.17,28,
t15.2023.12.17,29,
t15.2023.12.29,0,
t15.2023.12.29,1,
t15.2023.12.29,2,
t15.2023.12.29,3,
t15.2023.12.29,4,
t15.2023.12.29,5,
t15.2023.12.29,6,
t15.2023.12.29,7,
t15.2023.12.29,8,
t15.2023.12.29,9,
t15.2023.12.29,10,
t15.2023.12.29,11,
t15.2023.12.29,12,
t15.2023.12.29,13,
t15.2023.12.29,14,
t15.2023.12.29,15,
t15.2023.12.29,16,
t15.2023.12.29,17,
t15.2023.12.29,18,
t15.2023.12.29,19,
t15.2023.12.29,20,
t15.2023.12.29,21,
t15.2023.12.29,22,
t15.2023.12.29,23,
t15.2023.12.29,24,
t15.2023.12.29,0,
t15.2023.12.29,1,
t15.2023.12.29,2,
t15.2023.12.29,3,
t15.2023.12.29,4,
t15.2023.12.29,5,
t15.2023.12.29,6,
t15.2023.12.29,7,
t15.2023.12.29,8,
t15.2023.12.29,9,
t15.2023.12.29,10,
t15.2023.12.29,11,
t15.2023.12.29,12,
t15.2023.12.29,13,
t15.2023.12.29,14,
t15.2023.12.29,15,
t15.2023.12.29,16,
t15.2023.12.29,17,
t15.2023.12.29,18,
t15.2023.12.29,19,
t15.2023.12.29,20,
t15.2023.12.29,21,
t15.2023.12.29,22,
t15.2023.12.29,23,
t15.2023.12.29,24,
t15.2024.02.25,0,
t15.2024.02.25,1,
t15.2024.02.25,2,
t15.2024.02.25,3,
t15.2024.02.25,4,
t15.2024.02.25,5,
t15.2024.02.25,6,
t15.2024.02.25,7,
t15.2024.02.25,8,
t15.2024.02.25,9,
t15.2024.02.25,10,
t15.2024.02.25,11,
t15.2024.02.25,12,
t15.2024.02.25,13,
t15.2024.02.25,14,
t15.2024.02.25,15,
t15.2024.02.25,16,
t15.2024.02.25,17,
t15.2024.02.25,18,
t15.2024.02.25,19,
t15.2024.02.25,20,
t15.2024.02.25,21,
t15.2024.02.25,22,
t15.2024.03.08,0,
t15.2024.03.08,1,
t15.2024.03.08,2,
t15.2024.03.08,3,
t15.2024.03.08,4,
t15.2024.03.08,5,
t15.2024.03.08,6,
t15.2024.03.08,7,
t15.2024.03.08,8,
t15.2024.03.08,9,
t15.2024.03.08,10,
t15.2024.03.08,11,
t15.2024.03.08,12,
t15.2024.03.08,13,
t15.2024.03.08,14,
t15.2024.03.08,15,
t15.2024.03.08,16,
t15.2024.03.08,17,
t15.2024.03.08,18,
t15.2024.03.08,19,
t15.2024.03.08,20,
t15.2024.03.08,21,
t15.2024.03.08,22,
t15.2024.03.08,23,
t15.2024.03.15,0,
t15.2024.03.15,1,
t15.2024.03.15,2,
t15.2024.03.15,3,
t15.2024.03.15,4,
t15.2024.03.15,5,
t15.2024.03.15,6,
t15.2024.03.15,7,lecithin
t15.2024.03.15,8,
t15.2024.03.15,9,teton
t15.2024.03.15,10,
t15.2024.03.15,11,
t15.2024.03.15,12,
t15.2024.03.15,13,
t15.2024.03.15,14,
t15.2024.03.15,15,deaden
t15.2024.03.15,16,
t15.2024.03.15,17,
t15.2024.03.15,18,
t15.2024.03.15,19,
t15.2024.03.15,20,
t15.2024.03.15,21,wanton
t15.2024.03.15,22,
t15.2024.03.15,23,sentiment
t15.2024.03.15,0,
t15.2024.03.15,1,
t15.2024.03.15,2,
t15.2024.03.15,3,
t15.2024.03.15,4,
t15.2024.03.15,5,
t15.2024.03.15,6,
t15.2024.03.15,7,
t15.2024.03.15,8,
t15.2024.03.15,9,
t15.2024.03.15,10,
t15.2024.03.15,11,
t15.2024.03.15,12,
t15.2024.03.15,13,
t15.2024.03.15,14,
t15.2024.03.15,15,
t15.2024.03.15,16,
t15.2024.03.15,17,
t15.2024.03.15,18,
t15.2024.03.15,19,
t15.2024.03.15,20,
t15.2024.03.15,21,memphis
t15.2024.03.15,22,
t15.2024.03.15,23,
t15.2024.03.17,0,
t15.2024.03.17,1,
t15.2024.03.17,2,
t15.2024.03.17,3,
t15.2024.03.17,4,
t15.2024.03.17,5,
t15.2024.03.17,6,
t15.2024.03.17,7,
t15.2024.03.17,8,
t15.2024.03.17,9,
t15.2024.03.17,10,
t15.2024.03.17,11,
t15.2024.03.17,12,
t15.2024.03.17,13,
t15.2024.03.17,14,
t15.2024.03.17,15,slanted
t15.2024.03.17,16,
t15.2024.03.17,17,
t15.2024.03.17,18,
t15.2024.03.17,19,
t15.2024.03.17,20,
t15.2024.03.17,21,
t15.2024.03.17,22,
t15.2024.03.17,0,
t15.2024.03.17,1,
t15.2024.03.17,2,
t15.2024.03.17,3,
t15.2024.03.17,4,
t15.2024.03.17,5,
t15.2024.03.17,6,
t15.2024.03.17,7,
t15.2024.03.17,8,
t15.2024.03.17,9,
t15.2024.03.17,10,
t15.2024.03.17,11,
t15.2024.03.17,12,
t15.2024.03.17,13,
t15.2024.03.17,14,
t15.2024.03.17,15,
t15.2024.03.17,16,
t15.2024.03.17,17,
t15.2024.03.17,18,
t15.2024.03.17,19,
t15.2024.03.17,20,
t15.2024.03.17,21,
t15.2024.03.17,22,
t15.2024.03.17,23,
t15.2024.03.17,24,
t15.2024.05.10,0,
t15.2024.05.10,1,
t15.2024.05.10,2,
t15.2024.05.10,3,
t15.2024.05.10,4,
t15.2024.05.10,5,
t15.2024.05.10,6,
t15.2024.05.10,7,
t15.2024.05.10,8,
t15.2024.05.10,9,
t15.2024.05.10,10,
t15.2024.05.10,11,
t15.2024.05.10,12,
t15.2024.05.10,13,
t15.2024.05.10,14,
t15.2024.05.10,15,
t15.2024.05.10,16,
t15.2024.05.10,17,
t15.2024.05.10,18,
t15.2024.05.10,19,
t15.2024.05.10,20,
t15.2024.05.10,21,
t15.2024.05.10,22,
t15.2024.05.10,23,
t15.2024.05.10,24,
t15.2024.06.14,0,
t15.2024.06.14,1,
t15.2024.06.14,2,
t15.2024.06.14,3,
t15.2024.06.14,4,
t15.2024.06.14,5,
t15.2024.06.14,6,
t15.2024.06.14,7,haute
t15.2024.06.14,8,
t15.2024.06.14,9,
t15.2024.06.14,10,
t15.2024.06.14,11,
t15.2024.06.14,12,
t15.2024.06.14,13,
t15.2024.06.14,14,
t15.2024.06.14,15,
t15.2024.06.14,16,
t15.2024.06.14,17,
t15.2024.06.14,18,
t15.2024.06.14,19,
t15.2024.06.14,20,
t15.2024.06.14,21,
t15.2024.06.14,22,think
t15.2024.06.14,23,
t15.2024.06.14,24,
t15.2024.07.19,0,
t15.2024.07.19,1,
t15.2024.07.19,4,
t15.2024.07.19,5,
t15.2024.07.19,6,
t15.2024.07.19,7,
t15.2024.07.19,8,
t15.2024.07.19,9,
t15.2024.07.19,10,
t15.2024.07.19,11,
t15.2024.07.19,12,
t15.2024.07.19,13,
t15.2024.07.19,14,
t15.2024.07.19,15,
t15.2024.07.19,16,
t15.2024.07.19,17,
t15.2024.07.19,18,
t15.2024.07.19,19,
t15.2024.07.19,20,
t15.2024.07.19,21,
t15.2024.07.19,22,
t15.2024.07.19,23,
t15.2024.07.19,24,
t15.2024.07.19,25,
t15.2024.07.19,0,
t15.2024.07.19,1,
t15.2024.07.19,2,
t15.2024.07.19,3,
t15.2024.07.19,4,
t15.2024.07.19,5,
t15.2024.07.19,6,
t15.2024.07.19,8,
t15.2024.07.19,9,
t15.2024.07.19,10,
t15.2024.07.19,11,
t15.2024.07.19,12,
t15.2024.07.19,13,
t15.2024.07.19,14,
t15.2024.07.19,15,
t15.2024.07.19,16,
t15.2024.07.19,17,
t15.2024.07.19,18,
t15.2024.07.19,19,
t15.2024.07.19,20,
t15.2024.07.19,21,
t15.2024.07.19,22,
t15.2024.07.19,23,
t15.2024.07.19,24,
t15.2024.07.21,0,
t15.2024.07.21,1,
t15.2024.07.21,2,
t15.2024.07.21,3,
t15.2024.07.21,4,
t15.2024.07.21,6,that
t15.2024.07.21,7,uses
t15.2024.07.21,8,
t15.2024.07.21,9,
t15.2024.07.21,10,dentist
t15.2024.07.21,11,
t15.2024.07.21,12,contented
t15.2024.07.21,13,
t15.2024.07.21,14,
t15.2024.07.21,15,
t15.2024.07.21,16,
t15.2024.07.21,17,
t15.2024.07.21,18,
t15.2024.07.21,19,contentment raritan
t15.2024.07.21,20,
t15.2024.07.21,21,messages
t15.2024.07.21,22,weekend
t15.2024.07.21,23,
t15.2024.07.21,1,
t15.2024.07.21,2,patented
t15.2024.07.21,3,dances
t15.2024.07.21,4,kindran
t15.2024.07.21,5,
t15.2024.07.21,6,this
t15.2024.07.21,7,whit
t15.2024.07.21,8,
t15.2024.07.21,9,minniti
t15.2024.07.21,10,
t15.2024.07.21,11,
t15.2024.07.21,12,
t15.2024.07.21,13,
t15.2024.07.21,14,think discontented uses
t15.2024.07.21,15,
t15.2024.07.21,16,ranted
t15.2024.07.21,17,
t15.2024.07.21,18,decision
t15.2024.07.21,19,
t15.2024.07.21,20,
t15.2024.07.21,21,
t15.2024.07.21,22,
t15.2024.07.21,23,
t15.2024.07.28,0,sentimental
t15.2024.07.28,1,
t15.2024.07.28,2,
t15.2024.07.28,3,
t15.2024.07.28,4,
t15.2024.07.28,5,
t15.2024.07.28,6,
t15.2024.07.28,7,
t15.2024.07.28,8,
t15.2024.07.28,9,
t15.2024.07.28,10,
t15.2024.07.28,11,
t15.2024.07.28,12,
t15.2024.07.28,13,
t15.2024.07.28,14,
t15.2024.07.28,15,
t15.2024.07.28,16,
t15.2024.07.28,17,
t15.2024.07.28,18,
t15.2024.07.28,19,
t15.2024.07.28,20,
t15.2024.07.28,21,that
t15.2024.07.28,22,
t15.2024.07.28,23,
t15.2024.07.28,0,
t15.2024.07.28,1,
t15.2024.07.28,2,
t15.2024.07.28,3,competitor
t15.2024.07.28,4,
t15.2024.07.28,5,
t15.2024.07.28,6,
t15.2024.07.28,7,
t15.2024.07.28,8,
t15.2024.07.28,9,
t15.2024.07.28,10,
t15.2024.07.28,11,
t15.2024.07.28,12,
t15.2024.07.28,13,
t15.2024.07.28,14,
t15.2024.07.28,15,
t15.2024.07.28,16,
t15.2024.07.28,17,
t15.2024.07.28,18,
t15.2024.07.28,19,
t15.2024.07.28,20,fundamental
t15.2024.07.28,21,
t15.2024.07.28,22,want
t15.2024.07.28,23,
t15.2025.01.10,0,
t15.2025.01.10,1,
t15.2025.01.10,2,
t15.2025.01.10,3,
t15.2025.01.10,4,
t15.2025.01.10,5,
t15.2025.01.10,6,
t15.2025.01.10,7,
t15.2025.01.10,8,
t15.2025.01.10,9,
t15.2025.01.10,10,
t15.2025.01.10,11,
t15.2025.01.10,13,
t15.2025.01.10,15,
t15.2025.01.10,16,
t15.2025.01.10,17,
t15.2025.01.10,18,weldwood
t15.2025.01.10,19,
t15.2025.01.10,20,
t15.2025.01.10,21,
t15.2025.01.10,22,
t15.2025.01.10,23,
t15.2025.01.10,24,
t15.2025.01.12,0,
t15.2025.01.12,1,
t15.2025.01.12,2,
t15.2025.01.12,3,
t15.2025.01.12,4,
t15.2025.01.12,5,
t15.2025.01.12,6,
t15.2025.01.12,7,
t15.2025.01.12,8,
t15.2025.01.12,9,
t15.2025.01.12,10,
t15.2025.01.12,12,resuscitate
t15.2025.01.12,13,
t15.2025.01.12,14,conspiratorially
t15.2025.01.12,15,
t15.2025.01.12,16,
t15.2025.01.12,17,
t15.2025.01.12,18,
t15.2025.01.12,19,
t15.2025.01.12,20,
t15.2025.01.12,21,
t15.2025.01.12,22,respects
t15.2025.01.12,23,cyclists
t15.2025.01.12,24,
t15.2025.01.12,0,
t15.2025.01.12,1,
t15.2025.01.12,2,
t15.2025.01.12,3,
t15.2025.01.12,4,russification
t15.2025.01.12,5,
t15.2025.01.12,7,whitsett
t15.2025.01.12,8,
t15.2025.01.12,9,
t15.2025.01.12,10,
t15.2025.01.12,11,
t15.2025.01.12,12,
t15.2025.01.12,13,
t15.2025.01.12,14,
t15.2025.01.12,16,
t15.2025.01.12,17,
t15.2025.01.12,18,
t15.2025.01.12,19,batiste
t15.2025.01.12,21,
t15.2025.01.12,22,
t15.2025.01.12,23,
t15.2025.01.12,24,fundamental
t15.2025.01.12,25,
t15.2025.03.14,0,
t15.2025.03.14,1,
t15.2025.03.14,2,
t15.2025.03.14,3,
t15.2025.03.14,4,
t15.2025.03.14,5,
t15.2025.03.14,6,
t15.2025.03.14,7,
t15.2025.03.14,8,
t15.2025.03.14,9,
t15.2025.03.14,10,
t15.2025.03.14,11,
t15.2025.03.14,0,
t15.2025.03.14,1,
t15.2025.03.14,2,
t15.2025.03.14,3,
t15.2025.03.14,4,
t15.2025.03.14,5,
t15.2025.03.14,6,
t15.2025.03.14,7,
t15.2025.03.14,8,
t15.2025.03.14,9,
t15.2025.03.14,10,
t15.2025.03.14,11,
t15.2025.03.16,0,
t15.2025.03.16,1,
t15.2025.03.16,2,
t15.2025.03.16,3,
t15.2025.03.16,4,
t15.2025.03.16,5,
t15.2025.03.16,6,
t15.2025.03.16,7,
t15.2025.03.16,8,
t15.2025.03.16,9,
t15.2025.03.16,10,
t15.2025.03.16,11,
t15.2025.03.16,12,
t15.2025.03.16,13,
t15.2025.03.16,14,
t15.2025.03.16,15,
t15.2025.03.16,17,
t15.2025.03.16,18,
t15.2025.03.16,19,
t15.2025.03.16,20,intrinsically
t15.2025.03.16,21,
t15.2025.03.16,22,
t15.2025.03.16,23,
t15.2025.03.16,24,
t15.2025.03.30,0,
t15.2025.03.30,1,
t15.2025.03.30,2,
t15.2025.03.30,3,
t15.2025.03.30,5,
t15.2025.03.30,6,
t15.2025.03.30,1,
t15.2025.03.30,2,
t15.2025.03.30,3,
t15.2025.03.30,4,
t15.2025.03.30,5,
t15.2025.03.30,6,
t15.2025.03.30,7,
t15.2025.03.30,8,
t15.2025.03.30,9,
t15.2025.03.30,10,
t15.2025.03.30,11,
t15.2025.03.30,12,
t15.2025.03.30,13,
t15.2025.03.30,14,
t15.2025.03.30,15,
t15.2025.03.30,16,
t15.2025.03.30,17,
t15.2025.03.30,18,disinterested
t15.2025.03.30,19,uses
t15.2025.03.30,20,
t15.2025.03.30,21,
t15.2025.03.30,22,
t15.2025.03.30,23,
t15.2025.03.30,24,
t15.2025.04.13,0,
t15.2025.04.13,1,sentimental
t15.2025.04.13,2,
t15.2025.04.13,3,
t15.2025.04.13,4,suspects
t15.2025.04.13,5,
t15.2025.04.13,6,
t15.2025.04.13,7,
t15.2025.04.13,8,
t15.2025.04.13,9,
t15.2025.04.13,10,
t15.2025.04.13,11,fundamental
t15.2025.04.13,12,
t15.2025.04.13,13,sentimental
t15.2025.04.13,14,fundamental
t15.2025.04.13,15,whatnot
t15.2025.04.13,16,
t15.2025.04.13,17,
t15.2025.04.13,18,
t15.2025.04.13,19,
t15.2025.04.13,20,
t15.2025.04.13,21,
t15.2025.04.13,22,participated
t15.2025.04.13,23,
t15.2025.04.13,24,
